state,stars
CA,4.0
ID,3.767857
NV,3.7033248
LA,3.6727273
FL,3.6153555
IN,3.6081772
PA,3.5936396
TN,3.5673234
AZ,3.543021
AB,3.526936
MO,3.5034363
NJ,3.4543269
DE,3.2892158
IL,3.259091
MA,1.0
