state,tip_length
IN,5.48381601362862
TN,4.894909688013136
PA,4.72791519434629
LA,4.573737373737374
AZ,4.363288718929255
CA,4.341463414634147
FL,4.329803328290469
NJ,4.310096153846154
MO,4.3006872852233675
ID,4.223214285714286
