stars,avg_review_length
1,710.8416163563803
3,665.6541157510128
5,460.7412259253972
4,584.129844009343
2,717.4403812936089
